<?xml version="1.0" encoding="UTF-8" standalone="yes" ?>

<CodeBlocks_plugin_manifest_file>
  <SdkVersion major="1" minor="11"  release="12" />
  <Plugin name="EditorConfig">
    <Value title="EditorConfig plugin for Code::Blocks" />
    <Value version="0.2" />
    <Value description="EditorConfig plugin for Code::Blocks" />
    <Value author="MortenMacFly" />
    <Value authorEmail="" />
    <Value authorWebsite="http://www.codeblocks.org" />
    <Value thanksTo="Code::Blocks team" />
    <Value license="GPL" />
  </Plugin>
</CodeBlocks_plugin_manifest_file>
