<?xml version="1.0" encoding="UTF-8" standalone="yes" ?>
<CodeBlocks_plugin_manifest_file>
    <SdkVersion major="1" minor="10" release="0" />
    <Plugin name="CB_Koders">
        <Value title="Koders query" />
        <Value version="0.1" />
        <Value description="This plugin queries the Koders webpage for keywords" />
        <Value author="MortenMacFly" />
        <Value authorEmail="mac-fly@gmx.net" />
        <Value authorWebsite="http://www.codeblocks.org" />
        <Value thanksTo="Yiannis Mandravellos, Thomas Denk and all the other C::B developers and contributers for a great piece of software." />
        <Value license="GPL" />
    </Plugin>
</CodeBlocks_plugin_manifest_file>
