<?xml version="1.0" encoding="UTF-8" standalone="yes" ?>
<CodeBlocks_plugin_manifest_file>
    <SdkVersion major="1" minor="10" release="0" />
    <Plugin name="HeaderFixup">
        <Value title="Header Fixup" />
        <Value version="0.80" />
        <Value description="Automatically adds missing includes and/or forward declarations to C++ source files within a single project or all projects within a workspace." />
        <Value author="byo, MortenMacFly" />
        <Value authorEmail="byo.spoon@gmail.com, mac-fly@gmx.net" />
        <Value authorWebsite="http://www.codeblocks.org" />
        <Value thanksTo="Code::Blocks team." />
        <Value license="GPL" />
    </Plugin>
</CodeBlocks_plugin_manifest_file>
